Year,State,TAVG,TAVG_C,PRCP,Yield_bu_acre
2000,ALABAMA,63.549019607843135,17.52723311546841,43.035353535353536,65.0
2001,ALABAMA,62.933928571428574,17.185515873015873,60.55544554455446,107.0
2002,ALABAMA,63.621428571428574,17.567460317460316,56.53653465346535,88.0
2003,ALABAMA,62.605,17.002777777777776,64.35401960784313,122.0
2004,ALABAMA,63.179661016949154,17.322033898305087,60.25927835051546,123.0
2005,ALABAMA,63.26338028169014,17.368544600938964,57.82989795918368,119.0
2006,ALABAMA,64.18484848484849,17.88047138047138,47.86701030927836,72.0
2007,ALABAMA,64.08823529411765,17.826797385620917,37.60990654205607,78.0
2008,ALABAMA,62.25616438356164,16.8089802130898,55.09594444444445,104.0
2009,ALABAMA,62.39302325581396,16.885012919896642,73.5238,108.0
2010,ALABAMA,62.34516129032259,16.858422939068102,49.53322274881517,115.0
2011,ALABAMA,63.58387096774194,17.546594982078854,53.99907766990291,114.0
2012,ALABAMA,64.73655913978494,18.186977299880525,54.395,98.0
2013,ALABAMA,62.5425,16.96805555555555,66.2382722513089,147.0
2014,ALABAMA,61.75862068965517,16.532567049808428,58.36173469387755,159.0
2015,ALABAMA,64.34935064935064,17.971861471861466,62.875,147.0
2016,ALABAMA,65.11621621621622,18.3978978978979,47.03871134020618,120.0
2017,ALABAMA,64.67538461538462,18.152991452991454,66.61858823529411,167.0
2018,ALABAMA,64.28142857142856,17.93412698412698,67.18325714285714,156.0
2019,ALABAMA,64.9470588235294,18.303921568627445,60.96429378531074,147.0
2020,ALABAMA,64.11304347826088,17.84057971014493,72.61639344262295,158.0
2021,ALABAMA,63.80746268656717,17.67081260364843,69.56803370786517,163.0
2022,ALABAMA,63.25945945945946,17.366366366366364,61.143106796116506,118.0
2023,ALABAMA,65.07222222222222,18.373456790123456,52.71885245901639,164.0
2024,ALABAMA,65.02133333333335,18.345185185185194,57.74245989304813,112.0
2000,ARIZONA,59.59015151515151,15.327861952861952,14.25820143884892,196.0
2001,ARIZONA,60.025,15.569444444444445,12.833774834437088,208.0
2002,ARIZONA,59.93214285714286,15.517857142857142,8.451161290322581,185.0
2003,ARIZONA,60.54413793103448,15.857854406130265,12.480869565217391,190.0
2004,ARIZONA,59.70955882352941,15.39419934640523,15.202229299363058,180.0
2005,ARIZONA,59.54275862068966,15.301532567049811,15.789305555555554,195.0
2006,ARIZONA,58.67867647058824,14.82148692810458,11.611475409836064,170.0
2007,ARIZONA,59.08345323741008,15.046362909672268,13.90565891472868,185.0
2008,ARIZONA,57.716923076923074,14.287179487179486,16.062743362831856,165.0
2009,ARIZONA,59.03877551020409,15.021541950113383,9.082432432432432,175.0
2010,ARIZONA,58.13229813664596,14.517943409247753,15.877288888888888,210.0
2011,ARIZONA,58.75597826086957,14.86443236714976,10.396848249027236,178.0
2012,ARIZONA,59.88042328042328,15.4891240446796,10.380397111913355,195.0
2013,ARIZONA,57.75517241379311,14.308429118773951,12.776589147286822,177.0
2014,ARIZONA,59.58527607361963,15.32515337423313,12.895636363636363,210.0
2015,ARIZONA,58.72363636363636,14.846464646464645,15.1451953125,210.0
2016,ARIZONA,59.55975609756097,15.310975609756095,13.790905511811022,215.0
2017,ARIZONA,59.9006711409396,15.500372856077556,10.739274809160303,195.0
2018,ARIZONA,59.25793103448276,15.143295019157089,13.903953488372093,220.0
2019,ARIZONA,57.50422535211268,14.169014084507044,16.724507575757578,231.0
2020,ARIZONA,60.26,15.699999999999998,7.245987055016182,202.0
2021,ARIZONA,58.84964028776979,14.91646682653877,15.941033333333335,181.0
2022,ARIZONA,58.08783783783784,14.493243243243244,14.11375796178344,220.0
2023,ARIZONA,57.347972972972975,14.082207207207208,11.784405144694531,206.0
2024,ARIZONA,59.56578947368421,15.314327485380119,11.718980263157896,225.0
2000,ARKANSAS,60.60576923076923,15.892094017094017,45.89587412587412,130.0
2001,ARKANSAS,61.19130434782608,16.217391304347824,54.41489361702128,145.0
2002,ARKANSAS,60.53000000000001,15.850000000000003,51.63945945945946,134.0
2003,ARKANSAS,60.18428571428571,15.657936507936503,43.66928057553957,140.0
2004,ARKANSAS,60.82089552238806,16.011608623548923,56.163823529411765,140.0
2005,ARKANSAS,61.78857142857142,16.549206349206347,36.02313043478261,131.0
2006,ARKANSAS,61.87283950617284,16.5960219478738,50.00335616438356,146.0
2007,ARKANSAS,61.69589041095891,16.49771689497717,46.51713333333333,169.0
2008,ARKANSAS,59.69857142857143,15.388095238095238,61.775510204081634,152.0
2009,ARKANSAS,60.10144927536232,15.611916264090176,71.61564285714286,148.0
2010,ARKANSAS,60.93372093023256,16.074289405684755,39.20079754601227,150.0
2011,ARKANSAS,61.55222222222222,16.4179012345679,57.56562913907285,141.0
2012,ARKANSAS,63.42068965517242,17.45593869731801,39.29225165562914,178.0
2013,ARKANSAS,59.31084337349398,15.172690763052211,53.38910179640718,186.0
2014,ARKANSAS,58.6632183908046,14.812899106002558,47.66010810810811,187.0
2015,ARKANSAS,60.99775280898877,16.109862671660427,68.52281914893616,181.0
2016,ARKANSAS,62.55542168674699,16.975234270414994,49.28081218274112,171.0
2017,ARKANSAS,62.16144578313253,16.75635876840696,50.86520618556701,183.0
2018,ARKANSAS,60.4978021978022,15.832112332112334,63.74510101010102,181.0
2019,ARKANSAS,60.78846153846154,15.993589743589745,66.77979166666667,175.0
2020,ARKANSAS,60.64125,15.911805555555556,64.16538461538461,184.0
2021,ARKANSAS,61.0277108433735,16.126506024096386,51.38811320754717,184.0
2022,ARKANSAS,60.881818181818176,16.045454545454543,52.35269938650307,173.0
2023,ARKANSAS,62.62800000000001,17.01555555555556,52.31889570552147,183.0
2024,ARKANSAS,63.06825396825397,17.260141093474427,54.37649253731343,187.0
2000,CALIFORNIA,58.04031413612566,14.466841186736477,24.099971014492752,170.0
2001,CALIFORNIA,58.2546835443038,14.585935302391002,24.04769911504425,170.0
2002,CALIFORNIA,57.81197007481296,14.33998337489609,20.132820512820512,170.0
2003,CALIFORNIA,58.47274826789838,14.707082371054659,22.699942196531797,160.0
2004,CALIFORNIA,58.02727272727272,14.459595959595951,23.19942363112392,175.0
2005,CALIFORNIA,57.52511627906976,14.180620155038758,32.79891719745223,172.0
2006,CALIFORNIA,57.3847775175644,14.102654176424668,27.869741935483876,165.0
2007,CALIFORNIA,57.45245535714286,14.140252976190478,14.717383177570092,182.0
2008,CALIFORNIA,57.6563679245283,14.253537735849054,19.552955974842767,195.0
2009,CALIFORNIA,57.65877192982457,14.254873294346984,19.35,180.0
2010,CALIFORNIA,56.5960088691796,13.664449371766445,33.57393406593406,192.0
2011,CALIFORNIA,56.60259179265659,13.668106551475883,20.373350785340318,181.0
2012,CALIFORNIA,58.47040169133192,14.705778717406623,23.781011764705884,180.0
2013,CALIFORNIA,58.43894523326572,14.688302907369843,7.658563218390805,191.0
2014,CALIFORNIA,60.47773359840954,15.820963110227524,20.482542056074767,165.0
2015,CALIFORNIA,59.97582846003898,15.542126922243881,14.631843971631207,157.0
2016,CALIFORNIA,58.83291925465839,14.907177363699109,26.663685152057244,185.0
2017,CALIFORNIA,59.03556485355649,15.019758251975825,30.5988122605364,167.0
2018,CALIFORNIA,58.8188796680498,14.899377593361002,19.74749027237354,173.0
2019,CALIFORNIA,57.31670281995662,14.0648348999759,32.84057259713701,168.0
2020,CALIFORNIA,59.41546610169491,15.230814500941616,13.776859205776171,187.0
2021,CALIFORNIA,59.00711206896552,15.003951149425287,22.74685816876122,188.0
2022,CALIFORNIA,59.032751091703055,15.018195050946142,15.945374280230329,177.0
2023,CALIFORNIA,57.29786324786325,14.054368471035138,32.2675390625,178.0
2024,CALIFORNIA,59.24191489361702,15.13439716312057,30.30228,182.0
2000,COLORADO,43.83238866396761,6.573549257759785,19.97885714285714,126.0
2001,COLORADO,43.71468253968254,6.508156966490301,18.59575342465753,140.0
2002,COLORADO,43.36337448559671,6.312985825331505,13.966768707482991,150.0
2003,COLORADO,44.437401574803154,6.909667541557308,19.43457478005865,135.0
2004,COLORADO,43.04721189591079,6.137339942172662,21.48020512820513,135.0
2005,COLORADO,44.21751824817518,6.787510137875101,20.39740990990991,148.0
2006,COLORADO,43.68134328358209,6.489635157545604,19.626301969365425,156.0
2007,COLORADO,43.81172413793103,6.562068965517239,19.92151898734177,140.0
2008,COLORADO,41.78050541516246,5.433614119534699,18.432376237623764,137.0
2009,COLORADO,42.31004016064257,5.727800089245873,21.107982832618024,153.0
2010,COLORADO,43.15418060200669,6.196767001114828,19.169964093357272,151.0
2011,COLORADO,42.654037267080746,5.9189095928226365,19.67471663619744,133.0
2012,COLORADO,45.268181818181816,7.37121212121212,13.171357142857143,133.0
2013,COLORADO,41.95339506172839,5.529663923182441,21.385773381294964,131.0
2014,COLORADO,42.923624595469256,6.068680330816253,21.328260105448155,146.0
2015,COLORADO,43.9953795379538,6.664099743307668,23.75238260869565,142.0
2016,COLORADO,43.98,6.655555555555554,18.194689165186503,137.0
2017,COLORADO,44.86788079470199,7.148822663723327,20.31743055555556,143.0
2018,COLORADO,43.95508196721311,6.641712204007284,15.7989898989899,129.0
2019,COLORADO,42.10191082802548,5.612172682236379,20.359420783645657,123.0
2020,COLORADO,43.8123417721519,6.562412095639946,13.366735598227477,116.0
2021,COLORADO,44.30947712418301,6.838598402323895,17.92975867269985,129.0
2022,COLORADO,42.65844594594594,5.921358858858857,17.213649068322983,121.0
2023,COLORADO,42.50344827586207,5.835249042145595,20.97060606060606,122.0
2024,COLORADO,44.255627009646304,6.808681672025724,19.427749576988155,116.0
2000,DELAWARE,54.9,12.722222222222221,48.63,162.0
2001,DELAWARE,56.38,13.544444444444444,39.19833333333333,146.0
2002,DELAWARE,57.25,14.027777777777779,47.42,84.0
2003,DELAWARE,54.6,12.555555555555555,59.33833333333333,123.0
2004,DELAWARE,56.2,13.444444444444446,44.42,152.0
2005,DELAWARE,55.56666666666666,13.09259259259259,45.756,143.0
2006,DELAWARE,57.6,14.222222222222221,48.19833333333333,145.0
2007,DELAWARE,56.2375,13.465277777777777,41.56285714285714,99.0
2008,DELAWARE,56.6,13.666666666666666,42.98333333333333,125.0
2009,DELAWARE,55.28,12.933333333333334,56.19333333333333,145.0
2010,DELAWARE,56.720000000000006,13.733333333333336,41.70727272727272,114.0
2011,DELAWARE,57.18333333333334,13.990740740740742,52.84090909090909,130.0
2012,DELAWARE,58.65,14.805555555555555,37.99,135.0
2013,DELAWARE,56.15,13.416666666666666,51.693000000000005,166.0
2014,DELAWARE,55.025,12.791666666666666,47.22444444444445,200.0
2015,DELAWARE,56.5,13.61111111111111,49.02428571428572,192.0
2016,DELAWARE,57.63333333333333,14.24074074074074,48.5,170.0
2017,DELAWARE,57.35,14.083333333333334,44.88666666666667,189.0
2018,DELAWARE,57.5,14.166666666666666,62.064375,145.0
2019,DELAWARE,57.025,13.902777777777779,44.67823529411765,161.0
2020,DELAWARE,57.24,14.022222222222224,59.7512,160.0
2021,DELAWARE,57.17999999999999,13.988888888888885,44.0,184.0
2022,DELAWARE,56.35,13.527777777777779,44.44,170.0
2023,DELAWARE,57.76666666666667,14.314814814814818,50.23464285714285,189.0
2024,DELAWARE,57.583333333333336,14.212962962962965,41.833333333333336,171.0
2000,FLORIDA,71.6448717948718,22.024928774928778,41.90626168224299,75.0
2001,FLORIDA,72.29347826086956,22.38526570048309,54.17821428571428,87.0
2002,FLORIDA,72.71046511627907,22.61692506459948,58.37513274336283,96.0
2003,FLORIDA,72.38020833333333,22.43344907407407,58.67713114754098,82.0
2004,FLORIDA,72.1546511627907,22.308139534883722,55.57917355371901,90.0
2005,FLORIDA,71.88541666666667,22.15856481481482,60.38142857142857,94.0
2006,FLORIDA,72.4170731707317,22.453929539295387,42.27324137931034,82.0
2007,FLORIDA,73.07520661157025,22.81955922865014,46.09520833333333,90.0
2008,FLORIDA,72.34473684210526,22.413742690058477,52.48994974874372,110.0
2009,FLORIDA,72.69137931034483,22.606321839080458,54.56595833333333,97.0
2010,FLORIDA,70.4344,21.35244444444444,49.5080303030303,109.0
2011,FLORIDA,73.18955223880597,22.883084577114428,49.32678832116789,104.0
2012,FLORIDA,73.16712328767123,22.87062404870624,56.88127147766323,115.0
2013,FLORIDA,73.38359375,22.990885416666668,57.27027972027972,133.0
2014,FLORIDA,72.31716417910448,22.398424543946934,60.1770818505338,135.0
2015,FLORIDA,74.91230769230769,23.840170940170943,54.9152688172043,141.0
2016,FLORIDA,73.9512396694215,23.306244260789722,56.37287822878229,145.0
2017,FLORIDA,74.092,23.38444444444444,63.064296875,161.0
2018,FLORIDA,74.10714285714286,23.392857142857146,60.81858657243816,157.0
2019,FLORIDA,74.94639175257733,23.859106529209626,56.11923322683706,161.0
2020,FLORIDA,74.66595744680852,23.7033096926714,60.78407713498623,138.0
2021,FLORIDA,73.77378640776699,23.207659115426104,56.45471544715448,176.0
2022,FLORIDA,74.34148936170213,23.523049645390074,58.0915,164.0
2023,FLORIDA,74.97978723404256,23.87765957446809,55.74835227272727,158.0
2024,FLORIDA,74.441,23.578333333333333,61.50984894259818,141.0
2000,GEORGIA,63.24038461538461,17.35576923076923,41.98509259259259,107.0
2001,GEORGIA,63.37966101694916,17.4331450094162,42.690458715596336,134.0
2002,GEORGIA,63.27903225806452,17.37724014336918,50.72289256198347,110.0
2003,GEORGIA,62.478947368421046,16.932748538011694,57.84181818181818,126.0
2004,GEORGIA,63.23253012048193,17.351405622489963,52.852881355932205,128.0
2005,GEORGIA,62.92857142857143,17.182539682539684,55.90823529411765,128.0
2006,GEORGIA,64.05869565217391,17.81038647342995,41.38669642857143,110.0
2007,GEORGIA,64.26263736263736,17.923687423687422,37.41107142857143,127.0
2008,GEORGIA,62.91294117647059,17.173856209150326,47.4596875,140.0
2009,GEORGIA,63.05591397849462,17.253285543608126,65.12820987654321,140.0
2010,GEORGIA,62.51089108910892,16.950495049504955,44.78242268041237,146.0
2011,GEORGIA,64.22407407407407,17.902263374485592,41.89685714285714,159.0
2012,GEORGIA,65.02173913043478,18.345410628019323,42.29627218934911,180.0
2013,GEORGIA,63.241379310344826,17.356321839080458,64.49215686274509,175.0
2014,GEORGIA,62.48181818181818,16.934343434343432,50.67368098159509,170.0
2015,GEORGIA,64.90722891566266,18.28179384203481,60.33596491228071,171.0
2016,GEORGIA,64.94835164835165,18.304639804639805,41.14593406593407,165.0
2017,GEORGIA,64.96923076923076,18.31623931623931,54.10436781609195,176.0
2018,GEORGIA,63.92555555555556,17.736419753086423,65.57035294117648,176.0
2019,GEORGIA,65.06701030927834,18.370561282932414,51.24,160.0
2020,GEORGIA,64.19404761904762,17.885582010582013,66.19604878048781,180.0
2021,GEORGIA,63.68181818181818,17.6010101010101,57.07741626794259,182.0
2022,GEORGIA,63.593023255813954,17.55167958656331,48.9221243523316,175.0
2023,GEORGIA,64.82705882352941,18.23725490196078,53.35297752808989,174.0
2024,GEORGIA,64.90142857142858,18.278571428571436,58.61955974842768,163.0
2000,IDAHO,42.79631901840491,5.997955010224949,24.099875,160.0
2001,IDAHO,43.41988950276243,6.344383057090239,22.102485549132947,150.0
2002,IDAHO,42.422222222222224,5.790123456790124,21.95689655172414,155.0
2003,IDAHO,44.89587628865979,7.164375715922107,25.195542857142858,140.0
2004,IDAHO,43.90816326530612,6.615646258503401,26.24284023668639,175.0
2005,IDAHO,43.27990196078432,6.266612200435734,28.25254545454545,170.0
2006,IDAHO,44.01761904761905,6.676455026455027,30.742316384180796,170.0
2007,IDAHO,44.51683168316831,6.953795379537952,23.707831325301203,170.0
2008,IDAHO,42.522167487684726,5.845648604269292,27.311219512195123,170.0
2009,IDAHO,42.54827586206896,5.860153256704979,26.15779069767442,185.0
2010,IDAHO,43.21733333333333,6.231851851851849,28.879166666666663,190.0
2011,IDAHO,42.14759825327511,5.637554585152841,28.14311827956989,189.0
2012,IDAHO,44.949553571428574,7.194196428571429,30.440159574468087,195.0
2013,IDAHO,43.29315068493151,6.273972602739729,20.86940860215054,181.0
2014,IDAHO,44.2696261682243,6.816458982346833,30.206031746031744,200.0
2015,IDAHO,45.921621621621625,7.734234234234236,25.33293103448276,207.0
2016,IDAHO,44.65650224215246,7.031390134529146,28.161290322580644,188.0
2017,IDAHO,43.7190243902439,6.510569105691057,33.78127167630058,203.0
2018,IDAHO,44.14278846153847,6.745993589743596,25.28619318181818,213.0
2019,IDAHO,42.3800925925926,5.766718106995887,26.86610169491525,205.0
2020,IDAHO,43.86093023255814,6.589405684754522,25.361139896373057,199.0
2021,IDAHO,44.51778846153847,6.95432692307693,24.296296296296298,210.0
2022,IDAHO,42.82142857142857,6.011904761904761,25.205882352941178,216.0
2023,IDAHO,43.61155778894473,6.450865438302627,24.62911602209945,203.0
2024,IDAHO,44.998522167487685,7.221401204159826,25.633922651933705,206.0
2000,ILLINOIS,51.71834862385321,10.954638124362894,39.519174757281554,151.0
2001,ILLINOIS,52.70614035087719,11.503411306042885,39.14315068493151,152.0
2002,ILLINOIS,52.69016393442623,11.494535519125684,37.9385462555066,135.0
2003,ILLINOIS,51.24128440366973,10.689602446483185,36.96439252336449,164.0
2004,ILLINOIS,52.15877192982457,11.199317738791427,39.18832558139535,180.0
2005,ILLINOIS,53.35652173913044,11.864734299516913,31.0056862745098,143.0
2006,ILLINOIS,53.604032258064514,12.002240143369173,40.15022123893806,163.0
2007,ILLINOIS,53.33706896551725,11.853927203065137,37.272295081967215,175.0
2008,ILLINOIS,50.23238095238095,10.129100529100528,49.52638376383764,179.0
2009,ILLINOIS,50.770796460177,10.42822025565389,50.12201298701299,174.0
2010,ILLINOIS,52.43826086956521,11.354589371980673,40.5057,157.0
2011,ILLINOIS,52.67391304347826,11.485507246376809,44.676494464944646,157.0
2012,ILLINOIS,55.02366412213741,12.790924512298561,29.36416666666667,105.0
2013,ILLINOIS,50.38928571428572,10.216269841269844,41.39190625,178.0
2014,ILLINOIS,48.65929203539823,9.255162241887907,41.15974683544304,200.0
2015,ILLINOIS,51.99279279279279,11.107107107107105,46.93016501650165,175.0
2016,ILLINOIS,53.86116504854369,12.145091693635383,39.58474522292994,197.0
2017,ILLINOIS,53.53055555555556,11.961419753086423,39.29176291793313,201.0
2018,ILLINOIS,51.54385964912281,10.857699805068227,45.82111801242236,210.0
2019,ILLINOIS,51.21057692307692,10.672542735042734,51.13821325648415,181.0
2020,ILLINOIS,52.629,11.460555555555553,41.62283819628647,191.0
2021,ILLINOIS,53.16699029126213,11.759439050701182,39.475,202.0
2022,ILLINOIS,51.23725490196078,10.687363834422657,37.63976623376623,214.0
2023,ILLINOIS,53.775,12.097222222222221,35.70573726541555,206.0
2024,ILLINOIS,54.94444444444444,12.746913580246913,41.40075630252101,217.0
2000,INDIANA,51.32,10.733333333333333,42.8896992481203,146.0
2001,INDIANA,53.15135135135135,11.75075075075075,43.91695035460993,156.0
2002,INDIANA,53.25352112676056,11.8075117370892,42.04148148148148,121.0
2003,INDIANA,51.18125,10.65625,46.762834645669294,146.0
2004,INDIANA,52.297014925373134,11.276119402985074,43.01261538461539,168.0
2005,INDIANA,52.942647058823525,11.634803921568626,41.61834710743801,154.0
2006,INDIANA,53.2955223880597,11.83084577114428,51.40139344262296,157.0
2007,INDIANA,52.92739726027397,11.626331811263318,41.844939759036144,154.0
2008,INDIANA,50.81911764705882,10.455065359477121,50.51185929648241,160.0
2009,INDIANA,50.983783783783785,10.546546546546548,46.36947115384616,171.0
2010,INDIANA,52.42,11.344444444444445,37.74663716814159,157.0
2011,INDIANA,53.06666666666667,11.703703703703704,54.74914798206278,146.0
2012,INDIANA,55.18953488372093,12.883074935400519,34.225443037974685,99.0
2013,INDIANA,51.20921052631579,10.671783625730995,45.61274774774776,177.0
2014,INDIANA,49.66578947368421,9.814327485380115,43.81302325581395,188.0
2015,INDIANA,52.36707317073172,11.31504065040651,47.41700934579439,150.0
2016,INDIANA,54.35131578947368,12.417397660818713,43.78410958904109,173.0
2017,INDIANA,53.845569620253166,12.136427566807315,46.16362068965517,180.0
2018,INDIANA,52.65384615384615,11.474358974358974,49.58451923076923,189.0
2019,INDIANA,52.34868421052632,11.304824561403514,49.95741935483871,169.0
2020,INDIANA,53.41558441558441,11.897546897546896,42.14142276422765,187.0
2021,INDIANA,53.8016129032258,12.11200716845878,46.11435606060606,195.0
2022,INDIANA,52.28382352941177,11.268790849673204,38.90010676156584,190.0
2023,INDIANA,54.32432432432432,12.402402402402402,37.69829710144927,203.0
2024,INDIANA,55.10422535211268,12.83568075117371,43.69814814814815,198.0
2000,IOWA,48.76039603960396,9.311331133113312,30.28954545454545,144.0
2001,IOWA,49.149,9.527222222222223,34.82071895424836,146.0
2002,IOWA,49.29333333333334,9.60740740740741,29.61196319018405,163.0
2003,IOWA,48.05490196078432,8.91938997821351,28.90751515151515,157.0
2004,IOWA,48.63076923076923,9.23931623931624,35.44803571428572,181.0
2005,IOWA,49.7688679245283,9.871593291404613,30.156687116564417,173.0
2006,IOWA,50.56140350877193,10.31189083820663,32.74717791411043,166.0
2007,IOWA,49.02905982905983,9.46058879392213,42.49964705882353,171.0
2008,IOWA,45.9625,7.756944444444445,43.80297752808989,171.0
2009,IOWA,46.83831775700934,8.24350986500519,40.62422222222222,181.0
2010,IOWA,48.15188679245284,8.973270440251579,44.73395480225989,165.0
2011,IOWA,48.33304347826087,9.07391304347826,32.00023952095808,172.0
2012,IOWA,52.07435897435897,11.152421652421651,26.242067039106143,137.0
2013,IOWA,46.76261682242991,8.20145379023884,35.14338888888889,164.0
2014,IOWA,45.53627450980392,7.520152505446621,39.344829545454544,178.0
2015,IOWA,49.38198198198198,9.656656656656656,43.487929292929294,192.0
2016,IOWA,50.858878504672894,10.477154724818275,39.1320320855615,203.0
2017,IOWA,50.11376146788991,10.063200815494392,33.57340425531915,202.0
2018,IOWA,47.54622641509434,8.636792452830187,46.56344444444444,196.0
2019,IOWA,46.87115384615385,8.26175213675214,43.67963541666666,198.0
2020,IOWA,49.10267857142857,9.501488095238095,31.35445945945946,177.0
2021,IOWA,50.1252427184466,10.069579288025889,31.7972972972973,204.0
2022,IOWA,47.53084112149533,8.628245067497405,29.1652422907489,200.0
2023,IOWA,50.46595744680851,10.25886524822695,27.38061904761905,201.0
2024,IOWA,51.61875,10.899305555555555,38.45455,211.0
2000,KANSAS,55.34019607843137,12.966775599128539,26.33045283018868,130.0
2001,KANSAS,55.90659340659341,13.281440781440782,29.690272373540854,127.0
2002,KANSAS,55.013461538461534,12.785256410256409,24.248916967509025,116.0
2003,KANSAS,54.90366972477064,12.72426095820591,27.073804347826087,120.0
2004,KANSAS,54.952336448598125,12.751298026998958,32.775416666666665,150.0
2005,KANSAS,55.68932038834952,13.16073354908307,31.93940298507463,135.0
2006,KANSAS,56.5515873015873,13.639770723104053,26.181027397260277,115.0
2007,KANSAS,54.986607142857146,12.770337301587302,35.84789968652038,138.0
2008,KANSAS,53.26083333333334,11.811574074074077,36.37919308357349,133.0
2009,KANSAS,53.35258620689655,11.862547892720304,33.525028248587574,155.0
2010,KANSAS,55.04566929133858,12.80314960629921,29.397610837438425,124.0
2011,KANSAS,55.082835820895525,12.823797678275291,25.052823529411768,107.0
2012,KANSAS,58.202173913043474,14.556763285024154,20.5126368159204,95.0
2013,KANSAS,53.57898550724637,11.98832528180354,30.81088888888889,126.0
2014,KANSAS,53.45806451612904,11.921146953405023,26.535714285714285,149.0
2015,KANSAS,56.12380952380953,13.402116402116404,33.753349753694586,148.0
2016,KANSAS,57.06796875,13.926649305555555,33.56291866028708,142.0
2017,KANSAS,56.383050847457625,13.54613935969868,30.989833333333333,132.0
2018,KANSAS,54.47890625,12.48828125,34.08176328502415,129.0
2019,KANSAS,53.84918032786886,12.138433515482697,39.53507246376812,133.0
2020,KANSAS,55.57606837606837,13.097815764482428,27.90476821192053,134.0
2021,KANSAS,56.14710743801653,13.415059687786963,30.05350678733032,139.0
2022,KANSAS,55.13504273504274,12.852801519468187,23.96304651162791,115.0
2023,KANSAS,56.533620689655166,13.629789272030647,27.116519721577724,119.0
2024,KANSAS,57.6,14.222222222222221,30.11918918918919,129.0
2000,KENTUCKY,55.87954545454545,13.266414141414138,44.52837398373983,130.0
2001,KENTUCKY,57.04634146341464,13.914634146341468,45.04765765765766,142.0
2002,KENTUCKY,57.422222222222224,14.123456790123457,52.611946902654864,104.0
2003,KENTUCKY,55.50697674418605,13.059431524547804,55.06653465346535,137.0
2004,KENTUCKY,56.80416666666667,13.780092592592593,55.4987,152.0
2005,KENTUCKY,57.10652173913044,13.948067632850247,40.40806451612903,132.0
2006,KENTUCKY,57.16122448979592,13.978458049886623,53.855825242718446,146.0
2007,KENTUCKY,58.13695652173914,14.520531400966187,42.79660550458716,128.0
2008,KENTUCKY,55.48793103448276,13.048850574712645,47.92542056074767,136.0
2009,KENTUCKY,55.50862068965517,13.060344827586205,54.47564516129032,165.0
2010,KENTUCKY,56.11551724137931,13.39750957854406,43.26350746268657,124.0
2011,KENTUCKY,56.77719298245614,13.765107212475634,65.14076923076924,139.0
2012,KENTUCKY,58.23623188405797,14.575684380032207,43.53293103448276,68.0
2013,KENTUCKY,55.02205882352941,12.790032679738564,55.88141732283464,170.0
2014,KENTUCKY,54.53846153846154,12.521367521367523,47.76694214876033,158.0
2015,KENTUCKY,56.7536231884058,13.752012882447666,59.656666666666666,172.0
2016,KENTUCKY,57.997014925373136,14.442786069651744,49.86018018018017,159.0
2017,KENTUCKY,57.9203125,14.40017361111111,51.20735042735043,178.0
2018,KENTUCKY,57.127272727272725,13.959595959595958,65.3245871559633,175.0
2019,KENTUCKY,57.58787878787879,14.215488215488218,61.3636220472441,169.0
2020,KENTUCKY,57.2375,14.020833333333332,56.476268656716414,184.0
2021,KENTUCKY,57.21186440677966,14.006591337099811,53.60271186440678,192.0
2022,KENTUCKY,56.34827586206896,13.526819923371644,48.97338842975206,156.0
2023,KENTUCKY,58.08070175438596,14.489278752436645,45.079489051094896,187.0
2024,KENTUCKY,58.7875,14.881944444444445,53.13024,178.0
2000,LOUISIANA,67.42238805970149,19.67910447761194,47.87524691358025,116.0
2001,LOUISIANA,66.77058823529411,19.316993464052285,68.3964534883721,148.0
2002,LOUISIANA,66.81746031746032,19.343033509700174,65.28204819277109,121.0
2003,LOUISIANA,66.31159420289855,19.061996779388082,53.03108974358975,134.0
2004,LOUISIANA,67.41617647058824,19.675653594771248,71.94588957055215,135.0
2005,LOUISIANA,67.63404255319149,19.796690307328603,48.97021978021978,136.0
2006,LOUISIANA,67.60422535211266,19.780125195618147,55.52101351351352,140.0
2007,LOUISIANA,67.18727272727273,19.548484848484847,51.6695652173913,163.0
2008,LOUISIANA,66.40322580645162,19.112903225806452,56.737810218978105,144.0
2009,LOUISIANA,66.98032786885246,19.433515482695807,65.24702127659575,132.0
2010,LOUISIANA,66.41944444444444,19.121913580246908,42.5976,140.0
2011,LOUISIANA,67.9731343283582,19.985074626865664,43.48093023255814,135.0
2012,LOUISIANA,68.90447761194031,20.50248756218906,63.623970588235295,173.0
2013,LOUISIANA,66.38153846153847,19.100854700854704,62.08568345323741,173.0
2014,LOUISIANA,65.1774193548387,18.43189964157706,58.3463779527559,183.0
2015,LOUISIANA,68.12413793103448,20.06896551724138,68.95852173913043,171.0
2016,LOUISIANA,68.82456140350877,20.458089668615983,71.33939655172415,165.0
2017,LOUISIANA,68.90677966101696,20.503766478342754,66.80254237288135,184.0
2018,LOUISIANA,68.18163265306123,20.10090702947846,67.34342105263157,173.0
2019,LOUISIANA,68.0537037037037,20.029835390946502,63.597058823529416,165.0
2020,LOUISIANA,68.27250000000001,20.151388888888892,68.97945945945946,181.0
2021,LOUISIANA,67.80232558139535,19.89018087855297,70.06871794871796,183.0
2022,LOUISIANA,67.54042553191489,19.744680851063826,56.40626865671641,170.0
2023,LOUISIANA,69.95,21.083333333333332,45.930597014925375,175.0
2024,LOUISIANA,69.54042553191489,20.855791962174937,73.63322033898305,185.0
2000,MARYLAND,53.724,12.068888888888885,42.2958064516129,155.0
2001,MARYLAND,55.04,12.799999999999999,35.53363636363636,136.0
2002,MARYLAND,55.92580645161291,13.292114695340505,41.80882352941177,74.0
2003,MARYLAND,53.556,11.975555555555554,60.846428571428575,123.0
2004,MARYLAND,54.7625,12.645833333333336,47.10515151515152,153.0
2005,MARYLAND,55.26296296296296,12.9238683127572,43.975,135.0
2006,MARYLAND,56.21304347826087,13.45169082125604,45.1129268292683,140.0
2007,MARYLAND,55.20869565217391,12.893719806763281,36.6668,101.0
2008,MARYLAND,54.38,12.433333333333334,45.7230303030303,121.0
2009,MARYLAND,54.721428571428575,12.623015873015875,53.285147058823526,145.0
2010,MARYLAND,55.61538461538461,13.11965811965812,42.58111111111111,106.0
2011,MARYLAND,56.16666666666666,13.42592592592592,54.08276923076923,109.0
2012,MARYLAND,57.196000000000005,13.99777777777778,42.38272727272727,122.0
2013,MARYLAND,53.824,12.124444444444443,46.829324324324325,158.0
2014,MARYLAND,53.18888888888888,11.7716049382716,48.25351351351352,175.0
2015,MARYLAND,55.22857142857144,12.904761904761912,48.28171428571428,164.0
2016,MARYLAND,55.92692307692308,13.292735042735046,42.98263157894737,152.0
2017,MARYLAND,56.084,13.380000000000003,42.707215189873416,172.0
2018,MARYLAND,55.7,13.166666666666668,69.58973333333333,146.0
2019,MARYLAND,56.248000000000005,13.471111111111114,46.608024691358025,161.0
2020,MARYLAND,56.95,13.861111111111112,55.2839175257732,155.0
2021,MARYLAND,56.161904761904765,13.423280423280424,42.65163043478261,175.0
2022,MARYLAND,55.14347826086957,12.857487922705317,46.31723684210527,165.0
2023,MARYLAND,57.152,13.973333333333334,40.41449438202247,165.0
2024,MARYLAND,56.95,13.861111111111112,41.36325581395349,143.0
2000,MICHIGAN,45.3945652173913,7.441425120772946,32.64056451612903,124.0
2001,MICHIGAN,47.1765306122449,8.431405895691613,34.41612903225807,105.0
2002,MICHIGAN,46.23653846153847,7.90918803418804,29.73262773722628,117.0
2003,MICHIGAN,44.54166666666666,6.967592592592587,31.479000000000003,128.0
2004,MICHIGAN,44.95909090909091,7.199494949494952,35.07905797101449,134.0
2005,MICHIGAN,46.3075,7.94861111111111,30.04875968992248,143.0
2006,MICHIGAN,47.26739130434783,8.481884057971017,36.626643835616434,147.0
2007,MICHIGAN,46.37164179104478,7.984245439469323,31.12466216216216,123.0
2008,MICHIGAN,44.289361702127664,6.8274231678487025,37.58515923566879,138.0
2009,MICHIGAN,43.91103448275862,6.617241379310347,34.196519337016575,148.0
2010,MICHIGAN,47.354838709677416,8.530465949820787,30.7981,149.0
2011,MICHIGAN,46.00324675324676,7.779581529581536,38.80463687150838,153.0
2012,MICHIGAN,48.73725490196079,9.298474945533773,30.80409574468085,132.0
2013,MICHIGAN,44.438235294117646,6.910130718954248,38.81365979381444,155.0
2014,MICHIGAN,41.87310924369748,5.485060690943043,36.57958762886598,161.0
2015,MICHIGAN,45.222556390977445,7.3458646616541365,32.2720618556701,162.0
2016,MICHIGAN,47.43571428571428,8.575396825396824,36.16441176470588,157.0
2017,MICHIGAN,46.38705035971224,7.99280575539569,39.51861386138614,159.0
2018,MICHIGAN,45.01347517730496,7.229708431836091,37.26706730769231,152.0
2019,MICHIGAN,43.72816901408451,6.51564945226917,41.929336492891,147.0
2020,MICHIGAN,46.244827586206895,7.913793103448275,35.93368852459016,153.0
2021,MICHIGAN,47.23430656934307,8.463503649635037,34.19916279069767,174.0
2022,MICHIGAN,44.9578125,7.198784722222224,32.482465116279066,168.0
2023,MICHIGAN,47.37313432835821,8.54063018242123,35.01084821428572,168.0
2024,MICHIGAN,48.62093023255815,9.233850129198974,35.42699074074074,181.0
2000,MINNESOTA,42.97904761904762,6.0994708994709,28.69028776978417,145.0
2001,MINNESOTA,43.94903846153846,6.638354700854698,30.93852941176471,130.0
2002,MINNESOTA,43.13173076923077,6.184294871794872,30.629130434782606,157.0
2003,MINNESOTA,42.42323232323232,5.790684624017955,22.722651515151515,146.0
2004,MINNESOTA,42.01379310344828,5.563218390804599,31.92388489208633,159.0
2005,MINNESOTA,43.39745762711864,6.3319209039548,32.641370967741935,174.0
2006,MINNESOTA,44.83939393939394,7.132996632996635,24.86485507246377,161.0
2007,MINNESOTA,43.21102362204724,6.228346456692913,31.76603896103896,146.0
2008,MINNESOTA,40.24453781512605,4.58029878618114,28.15448529411765,162.0
2009,MINNESOTA,41.0712,5.0395555555555545,27.839264705882357,174.0
2010,MINNESOTA,43.39930555555556,6.332947530864199,36.260266666666666,177.0
2011,MINNESOTA,42.56458333333333,5.869212962962962,26.541933333333333,155.0
2012,MINNESOTA,45.93219178082192,7.740106544901064,28.06268156424581,165.0
2013,MINNESOTA,39.96737588652482,4.426319936958233,31.558208092485547,159.0
2014,MINNESOTA,39.14755244755245,3.970862470862472,32.29205714285714,156.0
2015,MINNESOTA,43.964827586206894,6.647126436781608,32.294333333333334,188.0
2016,MINNESOTA,45.30962962962963,7.394238683127573,38.06494318181819,193.0
2017,MINNESOTA,43.34925373134328,6.305140961857379,31.5183,194.0
2018,MINNESOTA,41.26639344262295,5.147996357012749,33.735989847715736,182.0
2019,MINNESOTA,39.786131386861314,4.325628548256286,39.99369668246445,174.0
2020,MINNESOTA,43.00503597122302,6.113908872901679,26.99983870967742,191.0
2021,MINNESOTA,44.51258278145695,6.951434878587194,25.92299651567944,177.0
2022,MINNESOTA,40.73065693430657,4.850364963503652,27.98992307692308,195.0
2023,MINNESOTA,44.41323529411765,6.89624183006536,28.50059859154929,185.0
2024,MINNESOTA,45.70378787878788,7.613215488215488,33.71473867595819,174.0
2000,MISSISSIPPI,64.0325,17.795833333333334,44.27427272727273,100.0
2001,MISSISSIPPI,63.70243902439025,17.612466124661253,66.6413888888889,130.0
2002,MISSISSIPPI,63.79565217391304,17.664251207729464,68.12217821782178,120.0
2003,MISSISSIPPI,63.11186440677966,17.284369114877588,60.82153153153153,133.0
2004,MISSISSIPPI,63.99,17.772222222222226,66.936,133.0
2005,MISSISSIPPI,63.74230769230769,17.634615384615383,50.71284090909091,126.0
2006,MISSISSIPPI,65.10151515151514,18.389730639730637,52.24793388429752,107.0
2007,MISSISSIPPI,64.99137931034483,18.32854406130268,40.466,148.0
2008,MISSISSIPPI,63.61607142857143,17.56448412698413,59.06898148148148,140.0
2009,MISSISSIPPI,63.91875,17.73263888888889,67.4753125,128.0
2010,MISSISSIPPI,63.625,17.569444444444443,46.15434782608696,136.0
2011,MISSISSIPPI,64.28412698412698,17.935626102292773,52.76021897810219,128.0
2012,MISSISSIPPI,65.63650793650794,18.686948853615522,59.83051470588235,165.0
2013,MISSISSIPPI,63.26315789473684,17.36842105263158,64.65013157894737,176.0
2014,MISSISSIPPI,62.501666666666665,16.94537037037037,59.25466216216216,185.0
2015,MISSISSIPPI,65.37678571428572,18.54265873015873,61.66186567164179,175.0
2016,MISSISSIPPI,65.9875,18.881944444444443,56.31470588235294,166.0
2017,MISSISSIPPI,66.184,18.99111111111111,63.04023076923077,189.0
2018,MISSISSIPPI,65.26315789473684,18.479532163742686,70.2819512195122,185.0
2019,MISSISSIPPI,65.7125,18.72916666666667,70.84440476190477,174.0
2020,MISSISSIPPI,65.88181818181818,18.823232323232318,70.1367415730337,180.0
2021,MISSISSIPPI,65.18125,18.434027777777782,71.06285714285714,181.0
2022,MISSISSIPPI,65.08717948717948,18.38176638176638,62.15712871287128,165.0
2023,MISSISSIPPI,66.68064516129031,19.26702508960573,50.051509433962266,181.0
2024,MISSISSIPPI,67.072,19.484444444444446,63.73178082191781,186.0
2000,MISSOURI,55.16781609195403,12.87100893997446,36.26006329113924,143.0
2001,MISSOURI,55.85652173913044,13.253623188405802,43.72268456375839,133.0
2002,MISSOURI,55.40344827586208,13.001915708812268,40.06397163120568,105.0
2003,MISSOURI,54.58888888888889,12.549382716049383,40.535390070921984,108.0
2004,MISSOURI,55.00416666666666,12.78009259259259,45.47807142857143,162.0
2005,MISSOURI,56.42477064220184,13.56931702344547,36.65261437908497,111.0
2006,MISSOURI,56.80098039215686,13.778322440087145,37.73682926829268,138.0
2007,MISSOURI,55.90582524271845,13.281014023732473,40.08866883116883,140.0
2008,MISSOURI,53.357692307692304,11.865384615384613,56.88161585365853,144.0
2009,MISSOURI,53.89351851851852,12.1630658436214,51.74345794392524,153.0
2010,MISSOURI,55.12966101694916,12.849811676082865,45.338401162790696,123.0
2011,MISSOURI,55.73253968253968,13.184744268077601,45.48784982935154,114.0
2012,MISSOURI,58.49910714285714,14.721726190476192,30.995194029850744,75.0
2013,MISSOURI,53.22941176470588,11.79411764705882,45.80929936305733,136.0
2014,MISSOURI,52.65486725663717,11.474926253687316,39.77273311897106,186.0
2015,MISSOURI,55.62803738317757,13.12668743509865,55.89701538461538,142.0
2016,MISSOURI,57.06363636363636,13.924242424242424,39.4771472392638,163.0
2017,MISSOURI,56.87565217391304,13.819806763285023,42.33189759036145,170.0
2018,MISSOURI,54.99821428571429,12.776785714285715,42.90801916932907,140.0
2019,MISSOURI,54.86019417475728,12.700107874865157,54.88262773722628,155.0
2020,MISSOURI,55.6040404040404,13.113355780022443,47.54653125,170.0
2021,MISSOURI,56.20686274509804,13.448257080610025,46.60579310344828,159.0
2022,MISSOURI,54.786458333333336,12.65914351851852,41.112736842105264,161.0
2023,MISSOURI,57.30980392156863,14.06100217864924,36.49906752411575,153.0
2024,MISSOURI,58.15568181818182,14.530934343434344,46.83576512455516,183.0
2000,MONTANA,41.40041841004184,5.2224546722454654,18.144080882352934,140.0
2001,MONTANA,42.972519083969466,6.095843935538593,17.18943661971831,148.0
2002,MONTANA,40.50574712643678,4.725415070242656,20.040546075085324,140.0
2003,MONTANA,42.69675090252708,5.942639390292822,20.405593220338982,140.0
2004,MONTANA,42.1723880597015,5.651326699834165,20.513581560283686,143.0
2005,MONTANA,42.17805755395683,5.654476418864907,23.427132075471697,148.0
2006,MONTANA,43.39372822299652,6.3298490127758456,21.925583038869256,146.0
2007,MONTANA,43.30236486486486,6.279091591591591,20.2693265993266,140.0
2008,MONTANA,40.58135593220339,4.7674199623352145,22.662474576271187,122.0
2009,MONTANA,40.64125412541254,4.800696736340298,20.513234323432343,152.0
2010,MONTANA,41.176,5.097777777777779,24.562435064935062,135.0
2011,MONTANA,40.76493506493507,4.8694083694083705,27.584225941422595,127.0
2012,MONTANA,43.63412162162162,6.463400900900898,21.74958015267176,104.0
2013,MONTANA,41.88835616438356,5.49353120243531,22.322260273972603,115.0
2014,MONTANA,41.34530201342282,5.191834451901565,25.535071428571428,100.0
2015,MONTANA,44.09557823129252,6.7197656840514,19.68405693950178,110.0
2016,MONTANA,43.67785467128027,6.487697039600151,23.35663366336634,100.0
2017,MONTANA,42.30492957746479,5.724960876369328,21.4559298245614,70.0
2018,MONTANA,41.17928571428572,5.099603174603177,23.19685810810811,85.0
2019,MONTANA,39.46892857142857,4.149404761904761,24.600978260869564,95.0
2020,MONTANA,42.43674911660778,5.798193953670988,20.139803278688525,109.0
2021,MONTANA,43.06102941176471,6.145016339869282,17.346026490066226,100.0
2022,MONTANA,41.04730769230769,5.02628205128205,20.95290322580645,112.0
2023,MONTANA,42.6,5.888888888888889,20.70298076923077,129.0
2024,MONTANA,43.55816733067729,6.421204072598496,20.247750865051906,85.0
2000,NEBRASKA,50.34608695652174,10.192270531400965,21.26042253521127,126.0
2001,NEBRASKA,50.74950495049504,10.41639163916391,26.34905759162304,147.0
2002,NEBRASKA,50.34910714285714,10.193948412698413,17.056313131313132,128.0
2003,NEBRASKA,50.1109243697479,10.061624649859944,21.40427807486631,146.0
2004,NEBRASKA,50.07478260869566,10.041545893719809,24.007754010695187,166.0
2005,NEBRASKA,51.03603603603604,10.575575575575577,23.75513966480447,154.0
2006,NEBRASKA,51.443442622950826,10.801912568306015,23.28838709677419,152.0
2007,NEBRASKA,50.00322580645161,10.00179211469534,30.90632967032967,160.0
2008,NEBRASKA,47.82173913043479,8.789855072463773,29.96469827586207,163.0
2009,NEBRASKA,47.87272727272727,8.818181818181817,25.76697892271663,179.0
2010,NEBRASKA,49.44583333333333,9.692129629629628,27.854341252699783,166.0
2011,NEBRASKA,49.02755905511811,9.459755030621173,26.415302013422817,160.0
2012,NEBRASKA,52.86614173228347,11.592300962379703,14.671995515695068,142.0
2013,NEBRASKA,48.59692307692308,9.220512820512823,23.8922030237581,169.0
2014,NEBRASKA,48.03076923076923,8.905982905982906,26.18890134529148,179.0
2015,NEBRASKA,50.935251798561154,10.519584332533974,29.660400000000003,185.0
2016,NEBRASKA,51.70333333333333,10.946296296296296,26.57816037735849,178.0
2017,NEBRASKA,50.87117117117117,10.483983983983983,26.608766519823785,181.0
2018,NEBRASKA,48.61636363636364,9.231313131313133,30.782625698324026,192.0
2019,NEBRASKA,47.953,8.86277777777778,34.121529411764705,182.0
2020,NEBRASKA,50.64579439252337,10.358774662512984,19.84048128342246,180.0
2021,NEBRASKA,51.33,10.738888888888887,24.68360655737705,194.0
2022,NEBRASKA,49.88660714285714,9.937003968253967,16.869822784810125,165.0
2023,NEBRASKA,50.86636363636364,10.481313131313133,24.17259640102828,182.0
2024,NEBRASKA,52.31363636363636,11.285353535353535,25.483551912568306,188.0
2000,NEW JERSEY,52.28125,11.26736111111111,44.96122448979592,134.0
2001,NEW JERSEY,53.59032258064516,11.994623655913976,35.66020408163265,112.0
2002,NEW JERSEY,54.09117647058823,12.272875816993462,45.73844444444445,61.0
2003,NEW JERSEY,51.53823529411765,10.854575163398692,57.76975609756097,113.0
2004,NEW JERSEY,53.2,11.777777777777779,49.42361111111112,143.0
2005,NEW JERSEY,53.71612903225807,12.06451612903226,48.51078947368421,122.0
2006,NEW JERSEY,55.11034482758621,12.839080459770116,50.579,129.0
2007,NEW JERSEY,53.484,11.935555555555558,48.57585365853658,124.0
2008,NEW JERSEY,53.69615384615384,12.0534188034188,47.57384615384616,116.0
2009,NEW JERSEY,53.10384615384616,11.72435897435898,52.71264705882353,143.0
2010,NEW JERSEY,54.55384615384616,12.529914529914533,46.234054054054056,114.0
2011,NEW JERSEY,55.056,12.808888888888887,66.99726190476191,123.0
2012,NEW JERSEY,55.77916666666667,13.210648148148149,42.6941935483871,118.0
2013,NEW JERSEY,53.371428571428574,11.873015873015873,47.05,139.0
2014,NEW JERSEY,52.04,11.133333333333333,49.76225490196079,157.0
2015,NEW JERSEY,53.65384615384615,12.02991452991453,43.39961538461539,147.0
2016,NEW JERSEY,54.529629629629625,12.516460905349792,39.66893203883495,145.0
2017,NEW JERSEY,54.18076923076923,12.322649572649572,45.95849557522124,167.0
2018,NEW JERSEY,53.88275862068965,12.157088122605362,66.7528813559322,141.0
2019,NEW JERSEY,54.025925925925925,12.236625514403292,55.17881818181818,155.0
2020,NEW JERSEY,55.03666666666666,12.798148148148146,51.14821705426357,156.0
2021,NEW JERSEY,55.02333333333333,12.790740740740741,51.46908396946565,163.0
2022,NEW JERSEY,54.43076923076923,12.46153846153846,46.57188976377953,114.0
2023,NEW JERSEY,55.33125,12.961805555555554,53.25893129770992,168.0
2024,NEW JERSEY,55.54482758620689,13.08045977011494,46.0509022556391,157.0
2000,NEW MEXICO,52.785714285714285,11.547619047619046,14.932416107382547,160.0
2001,NEW MEXICO,52.089,11.160555555555554,12.97,180.0
2002,NEW MEXICO,52.14226804123712,11.190148911798397,12.814113924050634,175.0
2003,NEW MEXICO,53.43333333333334,11.90740740740741,10.964333333333334,180.0
2004,NEW MEXICO,51.72666666666666,10.959259259259255,18.22201388888889,180.0
2005,NEW MEXICO,53.2258064516129,11.792114695340498,16.2015,175.0
2006,NEW MEXICO,52.34040404040404,11.300224466891132,16.89430693069307,185.0
2007,NEW MEXICO,51.920754716981136,11.06708595387841,15.05913793103448,180.0
2008,NEW MEXICO,51.295698924731184,10.719832735961768,14.952597402597403,185.0
2009,NEW MEXICO,51.76947368421053,10.983040935672518,13.056666666666668,190.0
2010,NEW MEXICO,52.23238095238095,11.240211640211639,15.77531914893617,180.0
2011,NEW MEXICO,52.636153846153846,11.464529914529914,10.53147465437788,180.0
2012,NEW MEXICO,53.48547008547008,11.936372269705597,8.754573991031391,170.0
2013,NEW MEXICO,51.18869565217391,10.660386473429952,13.484688644688646,190.0
2014,NEW MEXICO,52.2436974789916,11.246498599439779,12.792996389891696,195.0
2015,NEW MEXICO,52.202666666666666,11.223703703703702,18.79718061674009,180.0
2016,NEW MEXICO,53.46153846153846,11.923076923076922,12.65341463414634,150.0
2017,NEW MEXICO,54.48850574712644,12.493614303959133,14.909277566539924,134.0
2018,NEW MEXICO,53.01702127659575,11.676122931442084,13.704131944444445,187.0
2019,NEW MEXICO,51.8,10.999999999999998,14.133954983922829,135.0
2020,NEW MEXICO,52.93600000000001,11.631111111111116,8.99140921409214,195.0
2021,NEW MEXICO,53.22222222222222,11.790123456790123,11.88534059945504,184.0
2022,NEW MEXICO,52.54047619047618,11.411375661375653,14.954,149.0
2023,NEW MEXICO,53.90459770114942,12.16922094508301,11.064304461942257,155.0
2024,NEW MEXICO,53.45609756097561,11.920054200542005,13.235406976744184,157.0
2000,NEW YORK,46.89438202247192,8.274656679151068,44.88873333333333,98.0
2001,NEW YORK,48.4183908045977,9.121328224776498,33.26939189189189,105.0
2002,NEW YORK,48.76736842105263,9.315204678362571,43.10945205479452,97.0
2003,NEW YORK,46.47032967032968,8.039072039072046,47.41905797101449,121.0
2004,NEW YORK,47.36024096385543,8.533467202141907,45.056753246753246,122.0
2005,NEW YORK,48.25977011494253,9.03320561941252,46.15631205673759,124.0
2006,NEW YORK,49.83711340206185,9.909507445589917,47.85139072847682,129.0
2007,NEW YORK,47.90106382978723,8.833924349881796,43.5444776119403,128.0
2008,NEW YORK,48.01176470588236,8.89542483660131,46.28942028985507,144.0
2009,NEW YORK,46.92857142857143,8.293650793650794,42.29351515151515,134.0
2010,NEW YORK,49.14803921568628,9.526688453159046,43.756648936170215,149.0
2011,NEW YORK,48.53057851239669,9.183654729109271,55.99382857142857,133.0
2012,NEW YORK,50.16583333333333,10.092129629629628,39.246778846153845,134.0
2013,NEW YORK,47.003361344537815,8.335200746965452,43.82055837563452,137.0
2014,NEW YORK,45.8490909090909,7.693939393939388,43.24948453608247,148.0
2015,NEW YORK,46.83471074380165,8.241505968778695,40.07167464114832,143.0
2016,NEW YORK,48.9787037037037,9.432613168724279,37.57923076923077,129.0
2017,NEW YORK,48.26699029126213,9.037216828478963,48.165,161.0
2018,NEW YORK,47.94901960784314,8.860566448801745,50.32974683544304,159.0
2019,NEW YORK,46.965094339622645,8.31394129979036,48.22892561983471,158.0
2020,NEW YORK,49.52772277227723,9.737623762376238,40.491278195488725,157.0
2021,NEW YORK,49.305128205128206,9.613960113960113,46.844265232974905,167.0
2022,NEW YORK,48.254629629629626,9.030349794238681,42.20220588235294,142.0
2023,NEW YORK,49.70467289719626,9.835929387331255,46.40546468401487,159.0
2024,NEW YORK,50.26635514018692,10.14797507788162,44.55035294117647,169.0
2000,NORTH CAROLINA,58.04615384615384,14.47008547008547,43.34957446808511,116.0
2001,NORTH CAROLINA,59.21030927835052,15.11683848797251,38.0788275862069,125.0
2002,NORTH CAROLINA,60.22886597938144,15.682703321878579,47.82194805194805,83.0
2003,NORTH CAROLINA,58.79183673469388,14.8843537414966,63.7512030075188,106.0
2004,NORTH CAROLINA,59.331428571428575,15.184126984126985,49.95507142857143,117.0
2005,NORTH CAROLINA,59.2008695652174,15.111594202898557,49.470666666666666,120.0
2006,NORTH CAROLINA,59.78916666666667,15.438425925925925,51.77304635761589,132.0
2007,NORTH CAROLINA,60.3232,15.73511111111111,35.66596026490066,100.0
2008,NORTH CAROLINA,59.08347107438017,15.046372819100092,46.07428571428572,78.0
2009,NORTH CAROLINA,58.766666666666666,14.870370370370368,55.14190283400809,117.0
2010,NORTH CAROLINA,58.72826086956522,14.849033816425122,47.20964426877471,91.0
2011,NORTH CAROLINA,60.06418918918919,15.591216216216218,47.21785425101214,84.0
2012,NORTH CAROLINA,60.49785714285715,15.832142857142863,46.60464730290456,117.0
2013,NORTH CAROLINA,58.03533834586466,14.4640768588137,59.59225092250922,142.0
2014,NORTH CAROLINA,57.80148148148148,14.334156378600824,51.5308275862069,132.0
2015,NORTH CAROLINA,60.19869281045752,15.665940450254178,59.44763513513514,113.0
2016,NORTH CAROLINA,60.42605633802817,15.79225352112676,49.70129629629629,129.0
2017,NORTH CAROLINA,60.511875,15.839930555555558,50.72032573289902,142.0
2018,NORTH CAROLINA,59.54967320261438,15.305374001452432,72.27133116883117,113.0
2019,NORTH CAROLINA,60.67133757961784,15.928520877565468,54.42501392757661,111.0
2020,NORTH CAROLINA,60.30128205128205,15.722934472934472,69.04335664335665,113.0
2021,NORTH CAROLINA,59.719393939393946,15.399663299663302,49.482183908045975,149.0
2022,NORTH CAROLINA,59.41948051948052,15.233044733044734,49.22303317535545,126.0
2023,NORTH CAROLINA,60.26578947368421,15.703216374269005,50.4239012345679,147.0
2024,NORTH CAROLINA,60.95845070422536,16.08802816901409,56.8881163434903,87.0
2000,NORTH DAKOTA,41.40142857142857,5.223015873015871,21.403440860215053,112.0
2001,NORTH DAKOTA,42.33088235294117,5.7393790849673145,16.72747252747253,115.0
2002,NORTH DAKOTA,41.160563380281694,5.089201877934275,15.550259740259738,114.0
2003,NORTH DAKOTA,40.76417910447761,4.868988391376451,16.449240506329115,112.0
2004,NORTH DAKOTA,40.68939393939394,4.827441077441076,18.8262962962963,105.0
2005,NORTH DAKOTA,42.442647058823525,5.801470588235292,21.009213483146063,129.0
2006,NORTH DAKOTA,44.10722891566265,6.726238286479251,14.084835164835166,111.0
2007,NORTH DAKOTA,42.17611940298508,5.6533996683250445,17.903780487804877,116.0
2008,NORTH DAKOTA,39.66666666666666,4.259259259259254,19.108395061728395,124.0
2009,NORTH DAKOTA,38.62567567567568,3.6809309309309333,19.60032967032967,115.0
2010,NORTH DAKOTA,40.734722222222224,4.852623456790124,23.758764044943824,132.0
2011,NORTH DAKOTA,40.61506849315069,4.786149162861493,21.335185185185185,105.0
2012,NORTH DAKOTA,44.03384615384615,6.685470085470083,15.287580645161292,122.0
2013,NORTH DAKOTA,38.933898305084746,3.8521657250470813,25.0953125,110.0
2014,NORTH DAKOTA,39.22758620689655,4.015325670498082,18.95901408450704,124.0
2015,NORTH DAKOTA,43.56923076923077,6.4273504273504285,18.34025974025974,128.0
2016,NORTH DAKOTA,44.54225352112676,6.9679186228482,22.19582278481013,158.0
2017,NORTH DAKOTA,42.12714285714286,5.626190476190477,13.494096385542168,139.0
2018,NORTH DAKOTA,40.0125,4.45138888888889,18.910875,153.0
2019,NORTH DAKOTA,38.29032258064516,3.494623655913978,26.16549295774648,131.0
2020,NORTH DAKOTA,42.69206349206349,5.940035273368605,13.881333333333332,139.0
2021,NORTH DAKOTA,43.99032258064516,6.661290322580646,16.204625,105.0
2022,NORTH DAKOTA,39.68367346938776,4.268707482993202,20.378115942028984,130.0
2023,NORTH DAKOTA,42.198076923076925,5.665598290598292,18.95319444444444,143.0
2024,NORTH DAKOTA,43.7925925925926,6.55144032921811,19.454109589041096,149.0
2000,OHIO,50.61578947368421,10.342105263157894,40.75435714285714,147.0
2001,OHIO,52.09775280898876,11.165418227215977,37.27404255319149,138.0
2002,OHIO,52.273118279569886,11.262843488649937,39.09776923076923,89.0
2003,OHIO,50.06091954022989,10.033844189016605,46.328861788617886,156.0
2004,OHIO,51.11842105263158,10.62134502923977,44.56338842975207,158.0
2005,OHIO,51.62808988764044,10.904494382022468,40.26704918032787,143.0
2006,OHIO,52.53815789473684,11.410087719298245,43.82141666666666,159.0
2007,OHIO,52.24756097560976,11.248644986449866,41.32482142857143,150.0
2008,OHIO,50.48831168831169,10.271284271284271,43.76441666666666,131.0
2009,OHIO,50.59220779220779,10.329004329004327,36.61532786885245,171.0
2010,OHIO,51.7,10.944444444444446,36.693625,160.0
2011,OHIO,52.336781609195405,11.29821200510856,55.88830065359477,153.0
2012,OHIO,53.96951219512195,12.205284552845528,36.93765517241379,120.0
2013,OHIO,50.83604651162791,10.464470284237729,41.99493975903614,174.0
2014,OHIO,49.005,9.447222222222223,39.08954022988506,176.0
2015,OHIO,51.33703703703704,10.74279835390947,43.01782352941176,153.0
2016,OHIO,53.48255813953488,11.934754521963823,36.98430051813472,159.0
2017,OHIO,53.22235294117647,11.790196078431372,45.480785340314135,177.0
2018,OHIO,52.27160493827161,11.262002743484226,49.73669902912621,187.0
2019,OHIO,52.45060240963855,11.361445783132528,46.82214285714286,164.0
2020,OHIO,52.98505747126437,11.658365261813538,43.14095435684647,171.0
2021,OHIO,53.1702380952381,11.761243386243386,42.43953125,193.0
2022,OHIO,51.83086419753087,11.01714677640604,40.70794117647058,187.0
2023,OHIO,53.60119047619048,12.000661375661378,38.62320422535211,198.0
2024,OHIO,54.93037974683544,12.739099859353024,39.14748148148148,177.0
2000,OKLAHOMA,60.265,15.702777777777776,37.19017543859649,140.0
2001,OKLAHOMA,60.81,16.005555555555556,30.69963190184049,125.0
2002,OKLAHOMA,59.53442622950819,15.296903460837886,35.65414965986395,130.0
2003,OKLAHOMA,59.73947368421052,15.41081871345029,27.028039215686277,125.0
2004,OKLAHOMA,60.024324324324326,15.569069069069068,40.25509090909091,150.0
2005,OKLAHOMA,60.72567567567568,15.958708708708713,27.76528301886793,115.0
2006,OKLAHOMA,61.94583333333334,16.636574074074076,28.11367346938776,105.0
2007,OKLAHOMA,59.7484375,15.41579861111111,45.25754966887418,145.0
2008,OKLAHOMA,59.45961538461539,15.255341880341884,36.15684210526315,110.0
2009,OKLAHOMA,59.27571428571429,15.153174603174604,37.8472077922078,105.0
2010,OKLAHOMA,60.2603448275862,15.700191570881223,31.553930348258707,128.0
2011,OKLAHOMA,61.93196721311475,16.62887067395264,23.157298850574712,92.0
2012,OKLAHOMA,63.25,17.36111111111111,24.77372222222222,110.0
2013,OKLAHOMA,58.99655172413794,14.998084291187743,37.1005421686747,145.0
2014,OKLAHOMA,59.10980392156863,15.06100217864924,27.72689655172413,147.0
2015,OKLAHOMA,60.797222222222224,15.998456790123457,54.07509615384616,129.0
2016,OKLAHOMA,62.30776699029126,16.83764832793959,31.436711711711716,121.0
2017,OKLAHOMA,61.79813084112149,16.554517133956384,38.96717592592592,126.0
2018,OKLAHOMA,60.20990099009901,15.672167216721672,39.686465116279074,134.0
2019,OKLAHOMA,59.87184466019418,15.48435814455232,44.2940099009901,137.0
2020,OKLAHOMA,60.69519230769231,15.941773504273506,37.513259911894274,135.0
2021,OKLAHOMA,60.77428571428572,15.985714285714288,32.84284153005464,150.0
2022,OKLAHOMA,61.24803921568628,16.248910675381268,28.613465346534653,122.0
2023,OKLAHOMA,61.92959183673469,16.62755102040816,35.15136882129277,149.0
2024,OKLAHOMA,63.29285714285714,17.384920634920633,34.9915625,98.0
2000,OREGON,47.04395161290322,8.357750896057345,36.02343612334801,180.0
2001,OREGON,47.39132231404959,8.550734618916438,36.05747747747748,140.0
2002,OREGON,47.48253968253968,8.601410934744267,34.279680365296805,160.0
2003,OREGON,48.76145038167939,9.311916878710772,42.699140271493214,170.0
2004,OREGON,48.52350597609561,9.17972554227534,38.32602678571429,170.0
2005,OREGON,47.42063492063492,8.56701940035273,42.52700460829493,160.0
2006,OREGON,47.80643776824034,8.781354315689079,47.90034825870647,180.0
2007,OREGON,47.60151515151515,8.667508417508417,39.04930875576037,200.0
2008,OREGON,46.552678571428565,8.084821428571425,42.79462450592886,195.0
2009,OREGON,47.26029411764706,8.477941176470587,38.24477124183007,215.0
2010,OREGON,47.05084175084176,8.361578750467645,52.52037383177571,200.0
2011,OREGON,46.30811688311688,7.948953823953823,45.56971326164875,215.0
2012,OREGON,47.83836065573771,8.799089253187617,60.39164383561644,205.0
2013,OREGON,47.846875,8.803819444444443,32.29714285714286,188.0
2014,OREGON,49.68079470198676,9.82266372332598,52.060956790123456,190.0
2015,OREGON,50.42671480144405,10.237063778580028,45.48292063492064,188.0
2016,OREGON,48.84688524590164,9.359380692167576,51.72359375,230.0
2017,OREGON,47.86725978647687,8.815144325820484,53.84337313432835,212.0
2018,OREGON,48.42910958904109,9.127283105022828,36.75420118343195,195.0
2019,OREGON,47.00035587188612,8.333531039936734,39.31350931677019,237.0
2020,OREGON,48.81476014760148,9.341533415334156,42.69607629427793,241.0
2021,OREGON,49.00808823529412,9.448937908496731,42.953305785123966,240.0
2022,OREGON,48.40652173913044,9.114734299516911,43.02209944751381,237.0
2023,OREGON,48.39080882352941,9.106004901960784,40.20644257703081,214.0
2024,OREGON,49.53247863247864,9.74026590693258,53.68683706070287,208.0
2000,PENNSYLVANIA,49.58311688311689,9.76839826839827,41.69123287671233,127.0
2001,PENNSYLVANIA,51.00853658536585,10.56029810298103,34.24459119496856,98.0
2002,PENNSYLVANIA,51.37127659574468,10.761820330969268,42.89879746835443,68.0
2003,PENNSYLVANIA,48.83956043956044,9.355311355311354,53.39032894736842,115.0
2004,PENNSYLVANIA,50.09892473118279,10.05495818399044,53.798860759493664,140.0
2005,PENNSYLVANIA,50.20934579439252,10.116303219106955,43.05497041420119,122.0
2006,PENNSYLVANIA,51.578378378378375,10.876876876876874,47.5663687150838,122.0
2007,PENNSYLVANIA,50.08181818181818,10.045454545454543,44.946701570680624,124.0
2008,PENNSYLVANIA,49.54857142857144,9.749206349206357,46.051024390243896,133.0
2009,PENNSYLVANIA,48.78272727272728,9.323737373737377,43.6824882629108,142.0
2010,PENNSYLVANIA,50.391666666666666,10.217592592592592,43.368177570093465,128.0
2011,PENNSYLVANIA,51.0104,10.561333333333332,61.42159574468085,111.0
2012,PENNSYLVANIA,52.41228070175438,11.340155945419102,43.32848958333333,131.0
2013,PENNSYLVANIA,49.6,9.777777777777779,42.99203791469194,146.0
2014,PENNSYLVANIA,47.85327868852459,8.807377049180328,43.14466981132075,154.0
2015,PENNSYLVANIA,49.86229508196721,9.923497267759561,43.52772093023256,147.0
2016,PENNSYLVANIA,51.4776,10.82088888888889,38.798539823008845,129.0
2017,PENNSYLVANIA,51.297435897435896,10.72079772079772,45.66156779661016,161.0
2018,PENNSYLVANIA,50.36754385964912,10.204191033138398,65.35180616740088,140.0
2019,PENNSYLVANIA,50.699090909090906,10.388383838383836,52.1344131455399,153.0
2020,PENNSYLVANIA,51.99537037037037,11.108539094650205,45.26591093117409,138.0
2021,PENNSYLVANIA,51.98571428571428,11.103174603174601,47.09614349775785,169.0
2022,PENNSYLVANIA,50.26732673267327,10.14851485148515,45.6248347107438,140.0
2023,PENNSYLVANIA,52.260784313725495,11.255991285403052,44.14004016064257,157.0
2024,PENNSYLVANIA,52.54230769230769,11.41239316239316,44.5819341563786,138.0
2000,SOUTH CAROLINA,61.84848484848485,16.582491582491585,40.68475,65.0
2001,SOUTH CAROLINA,63.057500000000005,17.25416666666667,35.149743589743586,108.0
2002,SOUTH CAROLINA,63.36976744186047,17.42764857881137,47.59295774647888,47.0
2003,SOUTH CAROLINA,61.90512820512821,16.61396011396012,55.96338461538461,105.0
2004,SOUTH CAROLINA,62.6225,17.012500000000003,45.80215384615384,100.0
2005,SOUTH CAROLINA,62.36521739130435,16.869565217391305,48.814193548387095,114.0
2006,SOUTH CAROLINA,62.76444444444444,17.09135802469136,44.547916666666666,110.0
2007,SOUTH CAROLINA,63.82448979591837,17.68027210884354,35.055972222222216,97.0
2008,SOUTH CAROLINA,62.276,16.820000000000004,45.701882352941176,63.0
2009,SOUTH CAROLINA,61.770370370370365,16.539094650205758,53.32088,111.0
2010,SOUTH CAROLINA,62.19508196721311,16.77504553734062,42.64992647058824,84.0
2011,SOUTH CAROLINA,63.34761904761905,17.415343915343914,40.62911764705883,65.0
2012,SOUTH CAROLINA,64.09384615384616,17.829914529914532,44.90572413793103,122.0
2013,SOUTH CAROLINA,61.92105263157895,16.622807017543863,60.303952095808384,129.0
2014,SOUTH CAROLINA,61.23050847457627,16.23917137476459,49.63433962264151,117.0
2015,SOUTH CAROLINA,63.51636363636364,17.509090909090915,63.97390243902439,93.0
2016,SOUTH CAROLINA,64.22333333333333,17.90185185185185,45.07430939226519,127.0
2017,SOUTH CAROLINA,64.15161290322581,17.862007168458785,50.71915789473684,136.0
2018,SOUTH CAROLINA,63.20645161290323,17.336917562724018,62.61519774011299,127.0
2019,SOUTH CAROLINA,64.00298507462686,17.77943615257048,50.58205607476635,106.0
2020,SOUTH CAROLINA,63.5514705882353,17.52859477124183,64.59141700404858,132.0
2021,SOUTH CAROLINA,62.65,17.02777777777778,50.37434262948207,139.0
2022,SOUTH CAROLINA,62.76338028169014,17.09076682316119,48.95689516129032,122.0
2023,SOUTH CAROLINA,63.5625,17.53472222222222,53.913223140495866,150.0
2024,SOUTH CAROLINA,63.85147058823529,17.695261437908492,56.63861224489796,101.0
2000,SOUTH DAKOTA,46.19210526315789,7.884502923976606,19.721532846715327,112.0
2001,SOUTH DAKOTA,46.82678571428572,8.237103174603178,21.1712030075188,109.0
2002,SOUTH DAKOTA,46.27476635514018,7.930425752855655,15.413023255813954,95.0
2003,SOUTH DAKOTA,46.34907407407408,7.971707818930046,17.907046979865772,111.0
2004,SOUTH DAKOTA,46.3787037037037,7.988168724279834,21.45223021582734,130.0
2005,SOUTH DAKOTA,47.41650485436893,8.56472491909385,21.58098591549296,119.0
2006,SOUTH DAKOTA,48.08934426229508,8.938524590163931,16.930335570469797,97.0
2007,SOUTH DAKOTA,46.847058823529416,8.248366013071896,24.247284768211923,121.0
2008,SOUTH DAKOTA,43.80297029702971,6.55720572057206,25.18438709677419,133.0
2009,SOUTH DAKOTA,43.587826086956525,6.437681159420292,24.14438202247191,151.0
2010,SOUTH DAKOTA,45.20336134453781,7.335200746965451,26.08718085106383,135.0
2011,SOUTH DAKOTA,44.83636363636364,7.131313131313135,22.91853146853147,132.0
2012,SOUTH DAKOTA,49.14601769911504,9.525565388397247,15.28684523809524,101.0
2013,SOUTH DAKOTA,44.15491803278688,6.752732240437156,25.538615384615383,137.0
2014,SOUTH DAKOTA,43.72231404958677,6.512396694214873,21.232142857142858,148.0
2015,SOUTH DAKOTA,47.502459016393445,8.612477231329692,23.940309278350515,159.0
2016,SOUTH DAKOTA,48.25762711864407,9.032015065913376,21.957549019607843,161.0
2017,SOUTH DAKOTA,46.79375,8.218750000000002,18.944505494505496,145.0
2018,SOUTH DAKOTA,44.10560747663551,6.725337487019729,25.35086206896552,160.0
2019,SOUTH DAKOTA,42.4196261682243,5.7886812045690546,33.91900552486188,144.0
2020,SOUTH DAKOTA,46.57565217391304,8.097584541062801,16.811767676767676,162.0
2021,SOUTH DAKOTA,47.85089285714286,8.806051587301589,19.52507853403141,134.0
2022,SOUTH DAKOTA,45.12212389380531,7.290068829891839,18.068578947368422,132.0
2023,SOUTH DAKOTA,46.761818181818185,8.201010101010104,23.65243243243243,152.0
2024,SOUTH DAKOTA,48.35765765765765,9.087587587587583,20.30868421052632,164.0
2000,TENNESSEE,57.82051282051282,14.344729344729343,45.78970873786408,114.0
2001,TENNESSEE,57.87977528089888,14.377652933832714,54.27544642857144,132.0
2002,TENNESSEE,58.3979381443299,14.665521191294387,59.47791666666667,107.0
2003,TENNESSEE,57.32967032967033,14.072039072039072,63.0985593220339,131.0
2004,TENNESSEE,58.27575757575758,14.5976430976431,62.01537815126051,140.0
2005,TENNESSEE,58.58316831683168,14.768426842684269,45.65675213675214,130.0
2006,TENNESSEE,58.82745098039215,14.904139433551194,49.5476,125.0
2007,TENNESSEE,59.77350427350427,15.429724596391262,38.32757575757576,106.0
2008,TENNESSEE,57.54948453608248,14.194158075601377,51.183375,118.0
2009,TENNESSEE,57.42072072072072,14.122622622622623,61.57416666666667,148.0
2010,TENNESSEE,58.0311320754717,14.461740041928724,52.185546875,117.0
2011,TENNESSEE,58.74563106796116,14.858683926645092,63.02615384615384,131.0
2012,TENNESSEE,60.30983606557377,15.727686703096538,48.30362264150943,85.0
2013,TENNESSEE,56.7688679245283,13.7604821802935,64.01208,156.0
2014,TENNESSEE,56.35809523809524,13.532275132275133,54.547254901960784,168.0
2015,TENNESSEE,58.79489795918367,14.886054421768709,59.96597402597402,160.0
2016,TENNESSEE,60.14950495049505,15.638613861386139,48.72629310344828,151.0
2017,TENNESSEE,59.53655913978494,15.298088410991634,58.58910638297873,171.0
2018,TENNESSEE,58.72844036697247,14.84913353720693,68.42044897959182,168.0
2019,TENNESSEE,59.68190476190477,15.378835978835983,69.20739837398374,177.0
2020,TENNESSEE,58.85981308411215,14.922118380062305,66.64461538461538,170.0
2021,TENNESSEE,58.52135922330097,14.734088457389428,60.72394957983193,170.0
2022,TENNESSEE,58.105376344086025,14.50298685782557,56.57004081632653,130.0
2023,TENNESSEE,59.34772727272728,15.193181818181825,49.89670833333333,173.0
2024,TENNESSEE,60.14625,15.636805555555558,55.13162895927602,152.0
2000,TEXAS,66.516796875,19.17599826388889,32.566053571428576,124.0
2001,TEXAS,65.80655737704917,18.781420765027317,34.633231939163494,118.0
2002,TEXAS,65.22481203007519,18.458228905597323,36.36577603143419,113.0
2003,TEXAS,65.89429657794678,18.830164765525986,27.53268498942917,118.0
2004,TEXAS,65.58975265017668,18.660973694542598,44.07493902439024,139.0
2005,TEXAS,66.54135593220339,19.189642184557435,23.64040322580645,114.0
2006,TEXAS,67.75451505016721,19.86361947231512,29.817760314341847,121.0
2007,TEXAS,65.54950166112957,18.63861203396087,42.419407114624505,148.0
2008,TEXAS,65.9829861111111,18.879436728395056,25.65494915254237,118.0
2009,TEXAS,66.61326164874552,19.229589804858623,33.59611197511664,124.0
2010,TEXAS,65.38930817610063,18.54961565338924,31.214086294416244,144.0
2011,TEXAS,67.63852941176471,19.799183006535948,17.110843214756258,91.0
2012,TEXAS,68.07549295774648,20.041940532081373,28.12544457978076,129.0
2013,TEXAS,65.48328611898016,18.601825621655646,29.9891347342398,136.0
2014,TEXAS,64.8030959752322,18.223942208462333,26.433916083916085,148.0
2015,TEXAS,66.09256965944273,18.940316477468187,47.62030660377358,135.0
2016,TEXAS,67.2835403726708,19.601966873706,38.47082954545455,127.0
2017,TEXAS,67.4363354037267,19.68685300207039,35.051464530892446,140.0
2018,TEXAS,66.23387096774194,19.018817204301076,39.81922002328289,108.0
2019,TEXAS,66.18260869565218,18.99033816425121,31.12173611111111,133.0
2020,TEXAS,66.86789297658864,19.371051653660352,32.12485049833887,128.0
2021,TEXAS,66.33888888888889,19.07716049382716,35.94607433217189,128.0
2022,TEXAS,66.8663430420712,19.370190578928444,24.277279335410174,95.0
2023,TEXAS,68.35242718446602,20.195792880258903,28.06201816347124,122.0
2024,TEXAS,68.80756013745705,20.44864452080947,35.435289532293986,112.0
2000,UTAH,49.876335877862594,9.931297709923664,20.47981132075472,144.0
2001,UTAH,49.67153846153846,9.817521367521367,17.855118483412323,142.0
2002,UTAH,47.70075757575758,8.722643097643099,14.83969387755102,142.0
2003,UTAH,49.205755395683454,9.55875299760192,18.957301587301583,155.0
2004,UTAH,46.93225806451613,8.295698924731182,23.30715789473684,155.0
2005,UTAH,46.40869565217391,8.004830917874395,26.512872928176797,163.0
2006,UTAH,46.15251396648044,7.8625077591558,23.97037634408602,157.0
2007,UTAH,46.479,8.043888888888889,17.833807106598986,150.0
2008,UTAH,44.14473684210526,6.747076023391811,21.048076923076923,157.0
2009,UTAH,44.50899999999999,6.949444444444441,21.203589743589745,150.0
2010,UTAH,44.58915094339623,6.993972746331237,26.87072727272728,178.0
2011,UTAH,44.2917695473251,6.828760859625057,24.21465116279069,164.0
2012,UTAH,47.24208333333333,8.467824074074075,17.18905138339921,167.0
2013,UTAH,43.9551867219917,6.641770401106501,18.73355555555556,170.0
2014,UTAH,45.851711026615966,7.695395014786647,21.795461538461534,160.0
2015,UTAH,46.448659003831416,8.027032779906342,21.653531746031742,173.0
2016,UTAH,46.0265625,7.7925347222222205,22.996062992125985,175.0
2017,UTAH,46.38565891472868,7.992032730404822,22.070708661417324,176.0
2018,UTAH,45.83787878787879,7.68771043771044,18.120384615384616,182.0
2019,UTAH,43.35390625,6.3077256944444455,27.112943548387097,143.0
2020,UTAH,45.959375,7.755208333333333,13.00941391941392,149.0
2021,UTAH,46.38636363636363,7.9924242424242395,21.46415162454873,179.0
2022,UTAH,45.20371900826446,7.335399449035809,18.63776556776557,165.0
2023,UTAH,44.04039215686274,6.689106753812632,25.16461254612546,185.0
2024,UTAH,46.48995983935743,8.049977688531905,21.91186046511628,167.0
2000,VIRGINIA,54.55949367088608,12.533052039381154,39.276610169491526,146.0
2001,VIRGINIA,55.71124999999999,13.172916666666662,34.56045045045045,123.0
2002,VIRGINIA,56.70120481927711,13.72289156626506,42.48362831858407,68.0
2003,VIRGINIA,54.58414634146341,12.546747967479671,61.54490740740741,115.0
2004,VIRGINIA,55.63375,13.12986111111111,48.52447368421053,145.0
2005,VIRGINIA,56.45064935064935,13.583694083694082,40.13603448275862,118.0
2006,VIRGINIA,56.73863636363637,13.743686868686872,45.56829268292682,120.0
2007,VIRGINIA,57.00444444444444,13.891358024691353,35.00190476190476,86.0
2008,VIRGINIA,55.83076923076924,13.239316239316246,40.46224806201551,108.0
2009,VIRGINIA,55.49673913043478,13.053743961352657,51.355,131.0
2010,VIRGINIA,56.0452380952381,13.35846560846561,42.15304964539007,67.0
2011,VIRGINIA,56.881443298969074,13.823024054982818,48.336527777777775,118.0
2012,VIRGINIA,57.64347826086957,14.246376811594208,40.87888888888889,103.0
2013,VIRGINIA,55.29772727272727,12.943181818181818,51.6743537414966,154.0
2014,VIRGINIA,54.67368421052632,12.596491228070176,43.98460122699387,145.0
2015,VIRGINIA,56.67528089887641,13.708489388264672,49.3335403726708,161.0
2016,VIRGINIA,57.40574712643679,14.114303959131552,46.266049382716055,148.0
2017,VIRGINIA,57.618181818181824,14.232323232323235,42.443312500000005,140.0
2018,VIRGINIA,56.92926829268293,13.849593495934961,63.91597701149425,146.0
2019,VIRGINIA,57.693548387096776,14.274193548387096,46.98041237113402,144.0
2020,VIRGINIA,58.10617283950618,14.50342935528121,62.80105263157895,122.0
2021,VIRGINIA,57.2095744680851,14.005319148936167,42.29422727272727,160.0
2022,VIRGINIA,56.325842696629216,13.514357053682899,46.145219512195126,167.0
2023,VIRGINIA,57.90568181818182,14.392045454545455,42.49645299145299,157.0
2024,VIRGINIA,58.30493827160494,14.613854595336079,45.81234234234234,114.0
2000,WASHINGTON,46.05793103448276,7.809961685823757,39.260914285714286,185.0
2001,WASHINGTON,46.86815286624204,8.260084925690023,44.42827027027027,190.0
2002,WASHINGTON,47.04285714285714,8.357142857142854,42.73978494623656,190.0
2003,WASHINGTON,48.187974683544304,8.993319268635723,52.1392,195.0
2004,WASHINGTON,48.95838926174497,9.421327367636094,45.87631016042781,200.0
2005,WASHINGTON,47.36772151898735,8.537623066104084,46.71224137931035,205.0
2006,WASHINGTON,47.62682926829268,8.681571815718156,61.131256830601096,210.0
2007,WASHINGTON,46.46708860759494,8.037271448663855,49.51142076502733,210.0
2008,WASHINGTON,45.48645161290322,7.492473118279564,50.816114285714285,205.0
2009,WASHINGTON,45.88807947019868,7.715599705665934,45.5095,215.0
2010,WASHINGTON,46.8989417989418,8.277189888300999,54.71469879518072,205.0
2011,WASHINGTON,45.27537688442211,7.375209380234505,52.23804081632653,225.0
2012,WASHINGTON,46.6717277486911,8.150959860383942,61.74494071146245,215.0
2013,WASHINGTON,46.88121546961326,8.267341927562923,40.09481751824817,215.0
2014,WASHINGTON,48.03299492385787,8.907219402143262,56.569716312056734,215.0
2015,WASHINGTON,49.24180790960452,9.57878217200251,53.21384030418251,215.0
2016,WASHINGTON,47.9659793814433,8.869988545246278,55.05293515358362,235.0
2017,WASHINGTON,46.41451612903226,8.008064516129032,56.91149253731344,225.0
2018,WASHINGTON,47.58756476683938,8.659758203799655,48.33682926829268,220.0
2019,WASHINGTON,46.22676767676767,7.903759820426485,37.56370629370629,237.0
2020,WASHINGTON,47.37754010695188,8.543077837195487,51.874255319148936,228.0
2021,WASHINGTON,47.5189349112426,8.621630506245891,49.274132492113566,248.0
2022,WASHINGTON,46.856097560975606,8.253387533875335,47.51996527777778,220.0
2023,WASHINGTON,47.78313253012048,8.768406961178046,40.15642105263158,240.0
2024,WASHINGTON,47.74380165289256,8.746556473829198,49.10188679245283,235.0
2000,WEST VIRGINIA,51.85151515151515,11.028619528619528,42.905913978494624,130.0
2001,WEST VIRGINIA,52.67049180327869,11.483606557377051,40.44886363636363,120.0
2002,WEST VIRGINIA,53.12285714285714,11.734920634920634,48.67273684210526,105.0
2003,WEST VIRGINIA,51.371212121212125,10.761784511784514,59.51565217391304,115.0
2004,WEST VIRGINIA,52.72758620689655,11.51532567049808,53.89847058823529,131.0
2005,WEST VIRGINIA,52.7875,11.54861111111111,42.78489795918368,109.0
2006,WEST VIRGINIA,53.09714285714286,11.720634920634925,44.12041666666667,120.0
2007,WEST VIRGINIA,53.08196721311475,11.712204007285973,43.08,111.0
2008,WEST VIRGINIA,51.69464285714286,10.941468253968257,46.2453488372093,130.0
2009,WEST VIRGINIA,51.568333333333335,10.871296296296297,46.539529411764704,126.0
2010,WEST VIRGINIA,52.10645161290322,11.170250896057345,42.44636363636364,90.0
2011,WEST VIRGINIA,53.25142857142857,11.806349206349203,54.78076923076922,114.0
2012,WEST VIRGINIA,54.04905660377359,12.24947589098533,44.03355263157895,128.0
2013,WEST VIRGINIA,51.44464285714286,10.802579365079367,46.5573417721519,147.0
2014,WEST VIRGINIA,50.29298245614035,10.162768031189083,42.587916666666665,149.0
2015,WEST VIRGINIA,52.7,11.500000000000002,48.243947368421054,148.0
2016,WEST VIRGINIA,53.67346938775511,12.040816326530619,45.605,145.0
2017,WEST VIRGINIA,53.52075471698113,11.955974842767295,48.01743902439024,152.0
2018,WEST VIRGINIA,52.9754716981132,11.653039832285113,64.27253164556961,152.0
2019,WEST VIRGINIA,53.90416666666667,12.168981481481483,48.60078651685394,165.0
2020,WEST VIRGINIA,53.52666666666666,11.959259259259253,52.64644444444445,144.0
2021,WEST VIRGINIA,53.33043478260869,11.850241545893716,42.62131868131869,144.0
2022,WEST VIRGINIA,52.36666666666667,11.314814814814817,48.75382716049383,168.0
2023,WEST VIRGINIA,54.08571428571428,12.269841269841269,40.52807228915663,145.0
2024,WEST VIRGINIA,55.47073170731708,13.039295392953932,42.440714285714286,110.0
2000,WISCONSIN,44.45517241379311,6.91954022988506,34.437625,132.0
2001,WISCONSIN,45.97627118644068,7.764595103578153,35.5453488372093,127.0
2002,WISCONSIN,45.40887096774193,7.4493727598566295,34.0651497005988,135.0
2003,WISCONSIN,43.7953488372093,6.552971576227391,27.79596590909091,129.0
2004,WISCONSIN,44.3264,6.848,35.47952380952381,136.0
2005,WISCONSIN,45.98692307692308,7.77051282051282,28.78226993865031,148.0
2006,WISCONSIN,46.668,8.148888888888889,31.475978260869564,143.0
2007,WISCONSIN,45.62945205479452,7.571917808219177,34.677021276595745,135.0
2008,WISCONSIN,42.51554054054054,5.841966966966968,34.872439024390246,137.0
2009,WISCONSIN,43.292617449664434,6.273676360924686,31.71921951219512,153.0
2010,WISCONSIN,46.22366863905326,7.902038132807366,38.67277533039648,162.0
2011,WISCONSIN,45.04375,7.2465277777777795,32.39806763285024,155.0
2012,WISCONSIN,48.15207100591716,8.973372781065088,28.826313364055306,120.0
2013,WISCONSIN,42.74276729559749,5.968204053109716,37.50716216216216,145.0
2014,WISCONSIN,41.2251572327044,5.125087351502443,36.523049327354265,156.0
2015,WISCONSIN,45.57758620689656,7.543103448275868,35.992982456140346,164.0
2016,WISCONSIN,47.16754966887417,8.426416482707873,39.127488986784144,178.0
2017,WISCONSIN,45.8461038961039,7.692279942279943,38.05828326180257,174.0
2018,WISCONSIN,44.25741935483871,6.809677419354839,42.27060240963855,172.0
2019,WISCONSIN,43.193377483443705,6.218543046357613,45.99980237154151,166.0
2020,WISCONSIN,45.74113924050633,7.6339662447257375,36.18275618374558,173.0
2021,WISCONSIN,46.58910256410256,8.105056980056979,29.64249158249158,180.0
2022,WISCONSIN,43.831875,6.573263888888887,33.92310810810811,180.0
2023,WISCONSIN,47.16733333333334,8.4262962962963,31.36788079470199,176.0
2024,WISCONSIN,48.419047619047625,9.121693121693125,38.84876666666666,174.0
2000,WYOMING,40.3551282051282,4.641737891737891,18.636171428571423,132.0
2001,WYOMING,41.03947368421053,5.021929824561404,15.27605882352941,125.0
2002,WYOMING,39.0,3.888888888888889,16.144727272727273,119.0
2003,WYOMING,40.93860759493671,4.965893108298173,19.94705882352941,129.0
2004,WYOMING,40.365625,4.6475694444444455,19.324540229885056,131.0
2005,WYOMING,40.466,4.703333333333334,21.99304597701149,140.0
2006,WYOMING,40.76086956521739,4.867149758454106,16.774870466321243,129.0
2007,WYOMING,41.44011299435028,5.244507219083489,18.82547169811321,129.0
2008,WYOMING,38.48466257668712,3.602590320381734,20.72066985645933,134.0
2009,WYOMING,38.35208333333333,3.528935185185185,22.16978835978836,140.0
2010,WYOMING,39.74767441860465,4.304263565891474,21.20026785714285,123.0
2011,WYOMING,38.78241758241758,3.7680097680097666,23.2392576419214,130.0
2012,WYOMING,42.36842105263158,5.760233918128657,14.002255319148937,142.0
2013,WYOMING,39.65103092783505,4.25057273768614,19.53188,127.0
2014,WYOMING,39.88930481283423,4.3829471182412405,22.92188,138.0
2015,WYOMING,42.23543689320388,5.686353829557713,19.46755555555556,159.0
2016,WYOMING,41.89371727748691,5.496509598603837,21.36165384615385,147.0
2017,WYOMING,41.1238578680203,5.068809926677946,23.059565217391302,155.0
2018,WYOMING,40.27595628415301,4.5977534911961175,19.202558139534883,164.0
2019,WYOMING,38.509278350515466,3.6162657502863698,21.89220532319392,123.0
2020,WYOMING,40.67552083333333,4.819733796296294,15.182562277580072,122.0
2021,WYOMING,41.3448087431694,5.19156041287189,17.30539033457249,132.0
2022,WYOMING,39.37932960893855,4.099627560521416,18.21372469635628,153.0
2023,WYOMING,39.61812865497076,4.232293697205979,22.70768,153.0
2024,WYOMING,42.09485714285714,5.608253968253965,15.741069958847737,155.0
